"Year","Epidemiology Week","Cholera","Paratyphoid","Typhoid","Acute Viral Hepatitis A","Acute Viral Hepatitis E","Poliomyelitis","Plague","Yellow Fever","Dengue","DHF","Malaria","Chikungunya","HFMD","Diphtheria","Measles","Mumps","Rubella","SARS","Nipah","Acute Viral hepatitis B","Encephalitis","Legionellosis","Campylobacter enteritis","Acute Viral hepatitis C","Leptospirosis","Melioidosis","Meningococcal Infection","Pertussis","Pneumococcal Disease (invasive)","Haemophilus influenzae type b","Salmonellosis(non-enteric fevers)","Avian Influenza","Zika","Ebola Virus Disease","Japanese Encephalitis","Tetanus","Botulism","Murine Typhus","Acute Upper Respiratory Tract infections","Acute Conjunctivitis","Acute Diarrhoea","Chickenpox"
"2012","1","0","1","6","1","3","0","0","0","74","0","1","0","326","0","2","11","1","0","0","0","0","0","6","0","Nan","0","0","2","3","0","26","0","Nan","Nan","Nan","Nan","Nan","Nan","2932","120","491","18"
"2012","2","0","1","3","2","0","0","0","0","64","2","2","1","346","0","1","10","2","0","0","0","0","0","7","0","Nan","1","0","0","3","0","24","0","Nan","Nan","Nan","Nan","Nan","Nan","3189","114","575","19"
"2012","3","0","1","5","3","0","0","0","0","60","1","2","1","463","0","2","15","4","0","0","0","3","0","9","0","Nan","1","0","5","3","0","21","0","Nan","Nan","Nan","Nan","Nan","Nan","3185","106","539","16"
"2012","4","0","1","1","3","2","0","0","0","50","2","3","0","372","0","0","8","2","0","0","1","1","1","8","0","Nan","1","0","0","2","0","12","0","Nan","Nan","Nan","Nan","Nan","Nan","4001","118","615","24"
"2012","5","0","3","5","2","0","0","0","0","84","1","1","0","444","0","2","12","0","0","0","1","0","0","8","0","Nan","0","0","1","5","0","37","0","Nan","Nan","Nan","Nan","Nan","Nan","3356","110","559","18"
"2012","6","0","2","0","0","4","0","0","0","87","0","2","0","683","0","4","12","2","0","0","1","2","1","5","0","Nan","1","0","0","4","0","40","0","Nan","Nan","Nan","Nan","Nan","Nan","3358","111","557","20"
"2012","7","0","1","2","0","2","0","0","0","65","0","1","0","810","0","1","12","4","0","0","0","0","0","8","0","Nan","0","0","0","3","0","29","0","Nan","Nan","Nan","Nan","Nan","Nan","3033","105","529","19"
"2012","8","0","4","3","0","3","0","0","0","50","1","0","1","989","0","2","18","0","0","0","0","0","0","8","0","Nan","1","0","0","3","0","12","0","Nan","Nan","Nan","Nan","Nan","Nan","2953","102","513","21"
"2012","9","0","4","1","2","0","0","0","0","55","0","0","1","1115","0","1","10","2","0","0","2","0","1","6","0","Nan","1","0","3","2","0","27","0","Nan","Nan","Nan","Nan","Nan","Nan","2855","105","505","17"
"2012","10","0","2","1","2","3","0","0","0","45","1","4","2","1139","0","0","16","0","0","0","3","1","1","12","1","Nan","0","0","0","9","0","28","0","Nan","Nan","Nan","Nan","Nan","Nan","2868","95","488","19"
"2012","11","0","2","1","1","2","0","0","0","64","0","2","0","1011","0","1","8","1","0","0","0","1","1","10","0","Nan","1","0","0","2","0","36","0","Nan","Nan","Nan","Nan","Nan","Nan","2615","103","432","15"
"2012","12","0","1","1","0","2","0","0","0","72","1","2","0","1018","0","1","11","0","0","0","1","2","1","5","0","Nan","0","0","3","3","0","26","0","Nan","Nan","Nan","Nan","Nan","Nan","2803","112","507","21"
"2012","13","0","0","2","1","2","0","0","0","48","0","4","0","1017","0","0","15","2","0","0","2","0","2","14","0","Nan","0","0","1","0","0","27","0","Nan","Nan","Nan","Nan","Nan","Nan","2711","106","477","17"
"2012","14","0","0","1","0","2","0","0","0","52","0","2","0","952","0","0","6","2","0","0","0","0","0","2","0","Nan","0","0","1","1","0","27","0","Nan","Nan","Nan","Nan","Nan","Nan","2935","110","486","20"
"2012","15","0","2","2","0","0","0","0","0","81","1","2","1","1167","0","0","13","2","0","0","0","0","2","12","0","Nan","1","0","0","1","0","25","0","Nan","Nan","Nan","Nan","Nan","Nan","3098","98","487","18"
"2012","16","0","0","0","4","2","0","0","0","77","0","4","1","1387","0","0","15","2","0","0","0","0","1","6","0","Nan","1","0","0","2","0","36","0","Nan","Nan","Nan","Nan","Nan","Nan","3056","114","502","19"
"2012","17","0","2","1","1","1","0","0","0","64","0","2","0","1581","0","1","13","3","0","0","0","1","0","14","0","Nan","1","0","0","7","0","27","0","Nan","Nan","Nan","Nan","Nan","Nan","3022","108","478","21"
"2012","18","0","1","3","0","3","0","0","0","86","2","2","0","1462","0","1","13","2","0","0","3","0","0","2","0","Nan","1","0","0","3","0","21","0","Nan","Nan","Nan","Nan","Nan","Nan","3090","106","537","26"
"2012","19","0","0","2","1","5","0","0","0","96","1","1","1","1607","0","1","19","2","0","0","0","0","0","12","0","Nan","0","0","0","1","0","34","0","Nan","Nan","Nan","Nan","Nan","Nan","3100","101","488","21"
"2012","20","0","3","2","2","4","0","0","0","80","0","2","0","1682","0","0","11","0","0","0","1","0","0","7","0","Nan","2","0","1","2","0","28","0","Nan","Nan","Nan","Nan","Nan","Nan","3167","117","481","26"
"2012","21","1","0","3","2","2","0","0","0","80","0","1","0","1458","0","0","10","1","0","0","1","0","0","6","0","Nan","0","0","0","3","0","32","0","Nan","Nan","Nan","Nan","Nan","Nan","2982","95","454","21"
"2012","22","0","1","1","3","2","0","0","0","81","0","2","0","1105","0","1","5","1","0","0","3","0","1","7","0","Nan","1","0","1","3","0","30","0","Nan","Nan","Nan","Nan","Nan","Nan","2719","91","428","19"
"2012","23","0","1","2","2","0","0","0","0","99","1","3","0","981","0","0","9","1","0","0","2","0","0","7","0","Nan","0","0","1","2","0","37","0","Nan","Nan","Nan","Nan","Nan","Nan","2550","93","404","15"
"2012","24","0","0","2","2","3","0","0","0","87","1","3","0","906","0","1","11","1","0","0","0","0","2","5","0","Nan","1","0","0","6","0","27","0","Nan","Nan","Nan","Nan","Nan","Nan","2495","91","416","14"
"2012","25","0","4","2","2","0","0","0","0","128","1","5","0","794","0","1","7","0","0","0","0","1","1","11","0","Nan","0","0","1","4","0","32","0","Nan","Nan","Nan","Nan","Nan","Nan","2381","84","399","20"
"2012","26","0","3","1","0","2","0","0","0","151","0","7","0","728","0","0","11","2","0","0","1","0","0","4","0","Nan","0","0","0","2","0","23","0","Nan","Nan","Nan","Nan","Nan","Nan","2471","101","468","20"
"2012","27","0","3","3","3","4","0","0","0","140","0","4","0","686","0","1","8","1","0","0","1","0","0","9","0","Nan","0","0","1","6","0","27","0","Nan","Nan","Nan","Nan","Nan","Nan","2597","95","498","21"
"2012","28","1","1","0","2","5","0","0","0","131","1","6","0","681","0","0","12","5","0","0","1","0","0","10","0","Nan","0","0","1","2","1","17","0","Nan","Nan","Nan","Nan","Nan","Nan","2949","103","547","16"
"2012","29","0","1","2","4","4","0","0","0","124","1","9","0","754","0","1","9","0","0","0","1","0","1","4","0","Nan","0","0","0","3","0","25","0","Nan","Nan","Nan","Nan","Nan","Nan","3168","98","545","15"
"2012","30","0","1","0","2","0","0","0","0","110","0","2","0","868","0","0","7","1","0","0","0","0","2","11","0","Nan","0","0","0","4","0","28","0","Nan","Nan","Nan","Nan","Nan","Nan","3214","97","565","18"
"2012","31","0","1","0","4","1","0","0","0","94","0","5","0","748","0","0","11","0","0","0","0","0","1","7","0","Nan","0","0","0","2","0","39","0","Nan","Nan","Nan","Nan","Nan","Nan","2980","101","576","16"
"2012","32","0","0","1","3","0","0","0","0","127","0","4","0","628","0","1","11","1","0","0","2","0","2","1","0","Nan","0","0","0","6","0","28","0","Nan","Nan","Nan","Nan","Nan","Nan","2857","108","539","16"
"2012","33","0","1","3","4","5","0","0","0","115","0","4","0","573","0","0","7","2","0","0","1","0","0","10","0","Nan","2","0","0","4","0","33","0","Nan","Nan","Nan","Nan","Nan","Nan","2650","95","539","13"
"2012","34","0","2","1","2","1","0","0","0","92","0","4","0","497","0","1","15","0","0","0","1","1","0","7","0","Nan","2","0","1","3","0","25","0","Nan","Nan","Nan","Nan","Nan","Nan","2669","109","604","19"
"2012","35","0","2","1","3","0","0","0","0","102","0","1","0","501","0","1","13","3","0","0","2","0","0","11","0","Nan","0","0","0","5","0","42","0","Nan","Nan","Nan","Nan","Nan","Nan","2533","94","512","11"
"2012","36","0","1","0","3","1","0","0","0","75","1","1","0","540","0","0","7","0","0","0","1","0","0","9","0","Nan","2","0","0","0","0","28","0","Nan","Nan","Nan","Nan","Nan","Nan","2343","91","400","14"
"2012","37","0","0","2","3","7","0","0","0","73","1","1","0","567","0","0","10","0","0","0","1","0","1","13","0","Nan","0","0","0","3","0","38","0","Nan","Nan","Nan","Nan","Nan","Nan","2619","103","497","13"
"2012","38","0","0","1","5","2","0","0","0","72","0","5","0","582","0","1","9","0","0","0","4","2","2","15","0","Nan","1","0","0","4","0","37","0","Nan","Nan","Nan","Nan","Nan","Nan","2579","92","500","13"
"2012","39","0","1","0","4","2","0","0","0","99","1","4","0","482","0","2","7","1","0","0","1","2","0","10","0","Nan","1","0","0","3","0","35","0","Nan","Nan","Nan","Nan","Nan","Nan","2517","92","498","15"
"2012","40","0","0","2","1","2","0","0","0","103","1","3","1","437","0","0","10","0","0","0","0","2","0","14","1","Nan","2","0","0","4","0","31","0","Nan","Nan","Nan","Nan","Nan","Nan","2575","88","520","13"
"2012","41","0","0","1","4","2","0","0","0","122","1","3","1","376","0","0","7","0","0","0","2","1","0","12","0","Nan","0","0","0","2","0","23","0","Nan","Nan","Nan","Nan","Nan","Nan","2638","87","494","14"
"2012","42","0","1","1","1","1","0","0","0","105","0","5","2","341","0","0","5","1","0","0","3","0","0","10","0","Nan","1","0","0","2","0","24","0","Nan","Nan","Nan","Nan","Nan","Nan","2695","88","507","13"
"2012","43","0","0","1","3","1","0","0","0","84","0","5","1","325","0","0","7","2","0","0","1","1","0","12","0","Nan","2","0","0","2","0","26","0","Nan","Nan","Nan","Nan","Nan","Nan","2768","90","522","13"
"2012","44","0","0","0","2","1","0","0","0","104","0","1","1","265","0","2","11","2","0","0","1","1","0","13","0","Nan","0","0","0","7","0","27","0","Nan","Nan","Nan","Nan","Nan","Nan","2605","100","486","15"
"2012","45","0","0","3","3","3","0","0","0","99","1","1","0","237","0","3","11","2","0","0","0","0","0","10","0","Nan","0","0","0","3","0","33","0","Nan","Nan","Nan","Nan","Nan","Nan","2578","89","477","11"
"2012","46","0","0","0","2","1","0","0","0","87","1","1","1","238","0","1","5","1","0","0","0","1","0","5","0","Nan","0","0","1","1","0","32","0","Nan","Nan","Nan","Nan","Nan","Nan","2581","91","538","14"
"2012","47","0","0","0","2","2","0","0","0","99","1","1","0","283","0","1","6","0","0","0","1","1","5","8","0","Nan","2","0","0","3","0","24","0","Nan","Nan","Nan","Nan","Nan","Nan","2504","99","499","11"
"2012","48","0","0","2","5","5","0","0","0","80","0","3","0","219","0","0","13","1","0","0","5","0","1","9","0","Nan","0","0","0","6","0","35","0","Nan","Nan","Nan","Nan","Nan","Nan","2542","93","484","9"
"2012","49","0","1","2","0","0","0","0","0","78","0","3","3","217","0","0","7","2","0","0","1","0","0","9","0","Nan","0","0","0","2","0","35","0","Nan","Nan","Nan","Nan","Nan","Nan","2681","99","481","10"
"2012","50","0","1","2","1","1","0","0","0","104","1","2","0","198","0","0","7","0","0","0","2","0","0","11","0","Nan","1","0","0","3","0","23","0","Nan","Nan","Nan","Nan","Nan","Nan","2604","94","469","10"
"2012","51","0","0","3","1","3","0","0","0","92","2","0","3","185","0","0","2","0","0","0","2","3","1","9","0","Nan","0","0","0","3","0","34","0","Nan","Nan","Nan","Nan","Nan","Nan","2497","103","419","12"
"2012","52","0","0","0","5","1","0","0","0","111","1","5","0","154","0","0","3","0","0","0","2","0","0","3","0","Nan","0","0","0","1","0","26","0","Nan","Nan","Nan","Nan","Nan","Nan","2812","113","473","14"
"2013","1","0","0","1","4","3","0","0","0","132","2","1","0","148","0","0","10","0","0","0","0","1","0","13","0","Nan","4","0","1","7","0","26","0","Nan","Nan","Nan","Nan","Nan","Nan","3022","130","541","19"
"2013","2","0","1","3","1","3","0","0","0","204","1","1","1","191","0","1","13","1","0","0","0","2","1","15","0","Nan","0","0","0","2","0","26","0","Nan","Nan","Nan","Nan","Nan","Nan","3120","110","596","12"
"2013","3","0","2","4","2","0","0","0","0","219","0","1","1","171","0","0","14","1","0","0","1","1","0","5","0","Nan","2","0","1","4","0","26","0","Nan","Nan","Nan","Nan","Nan","Nan","3133","114","569","17"
"2013","4","0","3","4","0","1","0","0","0","264","3","0","1","172","0","0","13","2","0","0","1","1","2","5","0","Nan","1","0","2","1","0","32","0","Nan","Nan","Nan","Nan","Nan","Nan","3190","102","543","14"
"2013","5","0","1","1","2","1","0","0","0","292","1","0","0","185","0","0","11","1","0","0","1","1","0","7","0","Nan","0","0","0","5","0","30","0","Nan","Nan","Nan","Nan","Nan","Nan","3036","102","502","17"
"2013","6","0","0","2","6","1","0","0","0","322","0","2","2","164","0","0","9","1","0","0","1","1","0","9","0","Nan","1","1","0","2","0","28","0","Nan","Nan","Nan","Nan","Nan","Nan","2599","94","475","18"
"2013","7","0","1","2","1","1","0","0","0","246","1","0","0","181","0","0","3","2","0","0","0","1","0","5","0","Nan","1","0","0","3","0","20","0","Nan","Nan","Nan","Nan","Nan","Nan","3033","105","573","21"
"2013","8","0","0","1","1","2","0","0","0","294","2","1","0","265","0","0","8","1","0","0","1","2","0","13","0","Nan","1","0","0","4","0","26","0","Nan","Nan","Nan","Nan","Nan","Nan","2942","115","510","15"
"2013","9","0","1","2","2","0","0","0","0","247","2","0","2","388","0","0","11","1","0","0","0","1","1","8","0","Nan","0","0","0","1","0","32","0","Nan","Nan","Nan","Nan","Nan","Nan","2753","110","469","16"
"2013","10","0","0","1","0","2","0","0","0","272","1","1","14","478","0","0","10","2","0","0","0","1","0","7","0","Nan","0","0","0","3","1","28","0","Nan","Nan","Nan","Nan","Nan","Nan","2713","107","475","14"
"2013","11","0","0","1","1","3","0","0","0","307","1","2","1","465","0","0","9","0","0","0","0","0","1","7","0","Nan","0","0","0","0","0","32","0","Nan","Nan","Nan","Nan","Nan","Nan","2500","101","465","17"
"2013","12","0","0","0","1","1","0","0","0","305","2","1","3","351","0","0","11","0","0","0","2","0","0","4","0","Nan","0","0","0","0","0","31","0","Nan","Nan","Nan","Nan","Nan","Nan","2148","93","365","13"
"2013","13","0","0","4","5","1","0","0","0","314","2","1","3","350","0","0","9","1","0","0","4","0","0","1","0","Nan","2","0","0","8","0","22","0","Nan","Nan","Nan","Nan","Nan","Nan","2343","118","456","18"
"2013","14","0","2","1","1","1","0","0","0","402","4","3","6","438","0","1","11","1","0","0","1","1","0","8","0","Nan","3","0","0","2","0","39","0","Nan","Nan","Nan","Nan","Nan","Nan","2395","106","454","15"
"2013","15","0","0","1","2","1","0","0","0","491","1","4","14","461","0","0","14","2","0","0","1","0","1","18","0","Nan","0","0","0","1","0","32","0","Nan","Nan","Nan","Nan","Nan","Nan","2500","103","461","14"
"2013","16","0","0","1","1","1","0","0","0","505","4","4","35","504","0","1","17","2","0","0","1","3","0","13","0","Nan","0","0","0","2","0","30","0","Nan","Nan","Nan","Nan","Nan","Nan","2688","95","459","16"
"2013","17","0","1","1","4","2","0","0","0","536","2","2","24","572","0","0","15","0","0","0","1","0","0","7","0","Nan","0","0","0","6","0","51","0","Nan","Nan","Nan","Nan","Nan","Nan","2699","95","444","13"
"2013","18","0","0","2","3","0","0","0","0","547","0","4","19","595","0","2","10","0","0","0","1","0","0","8","0","Nan","0","0","0","6","0","25","0","Nan","Nan","Nan","Nan","Nan","Nan","2854","90","492","21"
"2013","19","0","0","2","3","0","0","0","0","556","2","5","29","627","0","2","11","1","0","0","4","0","1","5","0","Nan","0","0","0","0","0","30","0","Nan","Nan","Nan","Nan","Nan","Nan","2747","91","478","14"
"2013","20","0","1","4","2","3","0","0","0","611","0","2","28","697","0","1","10","1","0","0","2","0","0","8","0","Nan","1","0","0","11","1","45","0","Nan","Nan","Nan","Nan","Nan","Nan","2519","90","452","18"
"2013","21","0","0","3","0","2","0","0","0","637","3","7","15","662","0","1","5","2","0","0","2","0","0","13","0","Nan","0","0","0","2","0","27","0","Nan","Nan","Nan","Nan","Nan","Nan","2726","90","452","11"
"2013","22","0","1","1","0","1","0","0","0","742","4","1","31","774","0","0","10","0","0","0","2","1","0","4","0","Nan","0","0","1","3","0","42","0","Nan","Nan","Nan","Nan","Nan","Nan","2733","85","460","13"
"2013","23","0","0","1","0","2","0","0","0","813","1","1","40","697","0","1","14","0","0","0","0","1","1","11","0","Nan","1","0","0","3","0","51","0","Nan","Nan","Nan","Nan","Nan","Nan","2434","76","403","9"
"2013","24","0","0","5","3","2","0","0","0","805","4","5","39","736","0","0","6","2","0","0","2","1","0","2","0","Nan","0","0","0","3","1","32","0","Nan","Nan","Nan","Nan","Nan","Nan","2330","80","378","10"
"2013","25","0","0","1","0","4","0","0","0","838","4","0","45","581","0","0","10","1","0","0","0","0","0","6","0","Nan","0","0","2","0","1","33","0","Nan","Nan","Nan","Nan","Nan","Nan","2755","104","317","13"
"2013","26","0","0","1","2","1","0","0","0","802","4","5","24","461","0","0","10","2","0","0","3","0","0","2","1","Nan","3","0","0","4","1","32","0","Nan","Nan","Nan","Nan","Nan","Nan","2413","91","372","10"
"2013","27","0","0","3","4","0","0","0","0","676","2","1","26","441","0","0","16","1","0","0","2","0","0","7","0","Nan","1","0","1","4","0","30","0","Nan","Nan","Nan","Nan","Nan","Nan","2368","88","501","14"
"2013","28","0","0","1","1","1","0","0","0","540","1","0","26","482","0","0","12","0","0","0","0","1","1","7","0","Nan","0","0","0","2","1","44","0","Nan","Nan","Nan","Nan","Nan","Nan","2371","84","523","15"
"2013","29","0","0","3","0","1","0","0","0","389","1","7","16","578","0","0","16","1","0","0","1","2","0","10","0","Nan","1","1","0","1","0","32","0","Nan","Nan","Nan","Nan","Nan","Nan","2543","88","544","14"
"2013","30","0","0","2","2","0","0","0","0","305","1","3","20","590","0","1","7","2","0","0","1","1","1","8","1","Nan","1","0","0","0","0","30","0","Nan","Nan","Nan","Nan","Nan","Nan","2423","85","525","15"
"2013","31","0","0","1","1","1","0","0","0","288","1","1","22","659","0","1","17","1","0","0","2","1","0","8","0","Nan","1","0","0","4","1","30","0","Nan","Nan","Nan","Nan","Nan","Nan","2476","91","544","20"
"2013","32","0","1","0","1","0","0","0","0","255","1","7","7","577","0","0","13","0","0","0","0","1","1","7","0","Nan","1","0","1","2","0","18","0","Nan","Nan","Nan","Nan","Nan","Nan","2426","91","547","15"
"2013","33","0","0","1","2","2","0","0","0","378","0","5","26","743","0","0","9","1","0","0","1","1","1","3","0","Nan","0","0","0","3","0","28","0","Nan","Nan","Nan","Nan","Nan","Nan","2700","97","586","18"
"2013","34","0","0","1","0","0","0","0","0","338","3","3","15","798","0","2","9","1","0","0","1","2","0","13","0","Nan","1","0","2","3","0","21","0","Nan","Nan","Nan","Nan","Nan","Nan","2565","100","547","22"
"2013","35","0","0","3","0","0","0","0","0","382","4","2","38","887","0","3","12","0","0","0","1","1","0","4","0","Nan","0","0","0","4","0","37","0","Nan","Nan","Nan","Nan","Nan","Nan","2380","88","508","16"
"2013","36","0","0","2","2","0","0","0","0","449","3","0","42","860","0","1","8","0","0","0","0","1","1","3","0","Nan","0","0","1","2","0","38","0","Nan","Nan","Nan","Nan","Nan","Nan","2262","92","455","15"
"2013","37","0","1","3","0","0","0","0","0","337","2","3","39","960","0","2","4","0","0","0","1","0","1","8","0","Nan","0","0","0","2","0","34","0","Nan","Nan","Nan","Nan","Nan","Nan","2211","84","454","15"
"2013","38","0","0","0","0","2","0","0","0","370","6","3","49","1062","0","0","7","1","0","0","0","0","1","11","0","Nan","0","0","0","2","0","46","0","Nan","Nan","Nan","Nan","Nan","Nan","2373","98","515","25"
"2013","39","0","0","0","2","0","0","0","0","402","4","5","32","1108","0","6","2","1","0","0","1","0","0","6","0","Nan","1","0","2","1","0","53","0","Nan","Nan","Nan","Nan","Nan","Nan","2180","91","490","20"
"2013","40","1","0","2","0","0","0","0","0","439","2","2","17","1077","0","0","4","2","0","0","2","0","0","5","0","Nan","3","0","2","5","0","65","0","Nan","Nan","Nan","Nan","Nan","Nan","2301","82","472","21"
"2013","41","0","1","1","0","0","0","0","0","435","3","0","23","1247","0","2","9","2","0","0","1","0","0","10","0","Nan","0","0","0","0","0","46","0","Nan","Nan","Nan","Nan","Nan","Nan","2429","90","453","17"
"2013","42","0","1","1","1","1","0","0","0","371","3","0","16","1147","0","2","4","0","0","0","2","1","0","0","0","Nan","0","0","0","1","2","39","0","Nan","Nan","Nan","Nan","Nan","Nan","2429","86","481","21"
"2013","43","1","1","1","1","1","0","0","0","495","0","1","21","1029","0","3","3","1","0","0","0","0","1","9","0","Nan","0","0","0","4","0","37","0","Nan","Nan","Nan","Nan","Nan","Nan","2401","80","456","18"
"2013","44","0","0","0","7","0","0","0","0","457","1","0","22","914","0","2","6","1","0","0","2","2","0","6","0","Nan","1","0","0","4","0","27","0","Nan","Nan","Nan","Nan","Nan","Nan","2155","77","397","16"
"2013","45","0","1","0","2","0","0","0","0","401","1","2","31","1002","0","4","4","1","0","0","1","1","1","7","0","Nan","1","0","0","3","1","46","0","Nan","Nan","Nan","Nan","Nan","Nan","3018","97","515","19"
"2013","46","0","0","1","3","0","0","0","0","442","2","1","23","849","0","0","10","1","0","0","1","0","0","12","0","Nan","4","0","1","1","0","26","0","Nan","Nan","Nan","Nan","Nan","Nan","2494","86","420","13"
"2013","47","0","0","1","1","3","0","0","0","365","0","2","36","740","0","1","11","1","0","0","2","1","0","8","0","Nan","0","0","0","9","0","29","0","Nan","Nan","Nan","Nan","Nan","Nan","2576","87","387","16"
"2013","48","0","0","2","1","0","0","0","0","372","0","3","27","607","0","0","6","1","0","0","0","1","0","6","0","Nan","0","0","0","3","0","45","0","Nan","Nan","Nan","Nan","Nan","Nan","2363","79","398","14"
"2013","49","0","0","1","4","2","0","0","0","347","0","1","32","628","0","1","9","2","0","0","1","2","3","8","0","Nan","0","0","0","7","0","27","0","Nan","Nan","Nan","Nan","Nan","Nan","2526","91","423","11"
"2013","50","0","0","0","6","1","0","0","0","380","1","1","23","575","0","0","4","0","0","0","0","0","2","8","0","Nan","0","1","0","4","0","33","0","Nan","Nan","Nan","Nan","Nan","Nan","2509","76","396","10"
"2013","51","0","2","1","0","0","0","0","0","371","0","1","33","542","0","2","10","0","0","0","2","0","0","14","0","Nan","0","0","0","4","0","28","0","Nan","Nan","Nan","Nan","Nan","Nan","2458","74","369","8"
"2013","52","0","1","3","0","1","0","0","0","414","0","3","20","363","0","3","9","0","0","0","1","0","2","6","0","Nan","1","0","0","4","0","20","0","Nan","Nan","Nan","Nan","Nan","Nan","2605","88","420","16"
"2014","1","0","0","4","1","2","0","0","0","436","1","1","19","345","0","5","7","0","0","0","0","0","0","10","0","Nan","1","0","0","3","0","22","0","Nan","Nan","Nan","Nan","Nan","Nan","2766","96","476","19"
"2014","2","0","0","0","4","0","0","0","0","479","","1","29","346","0","2","14","0","0","0","2","2","2","10","0","Nan","0","0","1","0","0","38","0","Nan","Nan","Nan","Nan","Nan","Nan","2805","92","490","13"
"2014","3","0","0","2","5","0","0","0","0","401","","2","20","387","0","15","14","0","0","0","0","0","1","5","0","Nan","1","0","1","3","0","27","0","Nan","Nan","Nan","Nan","Nan","Nan","3124","100","519","15"
"2014","4","0","0","2","2","1","0","0","0","336","","1","17","366","0","8","10","2","0","0","1","1","0","5","0","Nan","0","0","0","3","1","32","0","Nan","Nan","Nan","Nan","Nan","Nan","3288","104","471","15"
"2014","5","0","1","1","2","0","0","0","0","234","","0","13","214","0","3","5","0","0","0","1","0","1","10","0","Nan","0","0","0","3","0","25","0","Nan","Nan","Nan","Nan","Nan","Nan","3242","102","479","14"
"2014","6","0","1","0","3","0","0","0","0","273","1","0","9","312","0","7","12","0","0","0","1","2","0","8","0","Nan","1","1","0","4","0","26","0","Nan","Nan","Nan","Nan","Nan","Nan","3200","114","490","18"
"2014","7","0","0","1","3","1","0","0","0","369","","0","9","329","0","6","10","0","0","0","0","3","0","5","1","Nan","0","0","0","3","1","30","0","Nan","Nan","Nan","Nan","Nan","Nan","2793","100","524","19"
"2014","8","0","0","0","2","1","0","0","0","193","1","0","12","371","0","8","11","2","0","0","0","1","1","9","0","Nan","0","0","0","2","0","21","0","Nan","Nan","Nan","Nan","Nan","Nan","2590","104","461","17"
"2014","9","0","0","2","2","1","0","0","0","186","1","0","3","331","0","8","14","0","0","0","3","1","2","12","0","Nan","0","0","0","4","1","23","0","Nan","Nan","Nan","Nan","Nan","Nan","2576","100","424","20"
"2014","10","0","1","4","1","1","0","0","0","209","1","0","3","321","0","5","2","0","0","0","0","0","0","3","0","Nan","1","0","0","5","0","22","0","Nan","Nan","Nan","Nan","Nan","Nan","2473","99","452","17"
"2014","11","0","2","1","0","1","0","0","0","224","1","1","5","309","0","5","12","1","0","0","1","0","0","11","0","Nan","0","1","0","2","0","36","0","Nan","Nan","Nan","Nan","Nan","Nan","2493","98","406","18"
"2014","12","0","1","1","2","1","0","0","0","210","","2","2","247","0","3","7","0","0","0","3","1","0","11","1","Nan","0","0","0","0","0","40","0","Nan","Nan","Nan","Nan","Nan","Nan","2003","72","359","12"
"2014","13","0","0","2","1","1","0","0","0","225","","3","1","312","0","2","18","3","0","0","3","0","2","10","2","Nan","0","1","0","2","0","42","0","Nan","Nan","Nan","Nan","Nan","Nan","2198","83","452","15"
"2014","14","0","0","2","1","3","0","0","0","240","","0","1","341","0","3","9","0","0","0","3","0","0","14","0","Nan","0","0","1","3","0","44","0","Nan","Nan","Nan","Nan","Nan","Nan","2059","74","424","19"
"2014","15","0","0","1","1","2","0","0","0","244","1","0","1","312","0","3","17","0","0","0","4","1","1","6","1","Nan","0","0","0","2","0","41","0","Nan","Nan","Nan","Nan","Nan","Nan","2248","81","451","15"
"2014","16","0","1","0","2","2","0","0","0","235","","4","2","348","0","1","6","3","0","0","1","1","1","6","3","Nan","1","0","1","2","0","40","0","Nan","Nan","Nan","Nan","Nan","Nan","2367","85","443","16"
"2014","17","0","3","2","3","3","0","0","0","282","","3","2","480","0","8","12","1","0","0","1","0","0","19","5","Nan","0","0","1","0","0","42","0","Nan","Nan","Nan","Nan","Nan","Nan","2588","84","479","19"
"2014","18","0","0","2","1","0","0","0","0","251","","1","1","557","0","7","9","0","0","0","0","2","0","14","2","Nan","1","1","0","2","0","50","0","Nan","Nan","Nan","Nan","Nan","Nan","2601","81","556","17"
"2014","19","0","0","1","1","0","0","0","0","261","","0","1","628","0","3","4","0","0","0","3","1","0","15","1","Nan","3","0","1","2","0","47","0","Nan","Nan","Nan","Nan","Nan","Nan","2522","79","469","16"
"2014","20","0","1","4","2","3","0","0","0","291","","1","4","663","0","3","10","0","0","0","4","0","1","13","0","Nan","0","0","3","1","1","38","0","Nan","Nan","Nan","Nan","Nan","Nan","2630","76","477","22"
"2014","21","0","0","1","1","0","0","0","0","427","1","0","1","683","0","3","6","0","0","0","2","0","1","11","0","Nan","1","0","0","2","0","56","0","Nan","Nan","Nan","Nan","Nan","Nan","2754","73","477","17"
"2014","22","0","1","2","1","2","0","0","0","456","","1","1","793","0","1","6","0","0","0","1","1","1","13","1","Nan","4","0","1","2","0","55","0","Nan","Nan","Nan","Nan","Nan","Nan","2649","73","454","17"
"2014","23","0","0","0","0","0","0","0","0","458","1","2","3","689","0","1","8","1","0","0","4","1","1","10","0","Nan","0","0","1","3","0","47","0","Nan","Nan","Nan","Nan","Nan","Nan","2512","76","435","12"
"2014","24","0","1","1","0","3","0","0","0","506","","1","3","521","0","1","7","0","0","0","3","1","2","11","0","Nan","0","0","0","2","0","41","0","Nan","Nan","Nan","Nan","Nan","Nan","2448","79","424","13"
"2014","25","1","1","2","2","2","0","0","0","550","1","3","2","473","0","0","8","1","0","0","1","0","0","7","1","Nan","1","0","1","0","0","47","0","Nan","Nan","Nan","Nan","Nan","Nan","2382","74","411","14"
"2014","26","0","0","0","0","1","0","0","0","671","","2","1","431","0","3","7","1","0","0","0","0","3","4","1","Nan","1","0","0","4","0","50","0","Nan","Nan","Nan","Nan","Nan","Nan","2292","67","430","11"
"2014","27","0","0","2","2","0","0","0","0","888","3","1","1","369","0","2","7","1","0","0","4","0","1","9","0","Nan","0","1","0","3","0","40","0","Nan","Nan","Nan","Nan","Nan","Nan","2496","77","495","16"
"2014","28","0","1","2","0","2","0","0","0","818","1","3","2","430","0","4","5","0","0","0","3","1","0","10","2","Nan","2","0","0","4","0","46","0","Nan","Nan","Nan","Nan","Nan","Nan","2629","93","553","14"
"2014","29","0","0","1","1","3","0","0","0","744","2","1","0","426","0","3","11","1","0","0","2","2","1","6","1","Nan","1","0","0","1","0","38","0","Nan","Nan","Nan","Nan","Nan","Nan","2769","98","559","13"
"2014","30","0","0","0","1","0","0","0","0","633","1","1","2","393","0","3","11","0","0","0","1","1","0","7","3","Nan","1","0","1","2","0","35","0","Nan","Nan","Nan","Nan","Nan","Nan","2665","88","532","13"
"2014","31","0","0","2","1","3","0","0","0","484","","1","1","338","0","0","9","1","0","0","5","0","2","5","3","Nan","1","0","1","2","0","42","0","Nan","Nan","Nan","Nan","Nan","Nan","2647","101","652","16"
"2014","32","0","0","1","3","4","0","0","0","545","","1","0","422","0","4","10","0","0","0","4","0","0","14","2","Nan","1","0","0","2","0","35","0","Nan","Nan","Nan","Nan","Nan","Nan","2683","121","563","15"
"2014","33","0","1","0","3","0","0","0","0","438","","4","3","446","0","2","8","0","0","0","1","1","0","4","1","Nan","1","0","0","4","0","40","0","Nan","Nan","Nan","Nan","Nan","Nan","2654","104","513","15"
"2014","34","0","0","0","2","4","0","0","0","418","","1","0","464","0","3","11","0","0","0","0","1","1","8","2","Nan","0","0","0","6","1","34","0","Nan","Nan","Nan","Nan","Nan","Nan","2691","140","521","12"
"2014","35","0","0","0","1","4","0","0","0","367","","0","2","523","0","3","12","1","0","0","2","2","0","8","0","Nan","2","0","1","2","0","36","0","Nan","Nan","Nan","Nan","Nan","Nan","2576","155","525","14"
"2014","36","0","0","1","4","2","0","0","0","339","","1","1","523","0","0","6","0","0","0","3","0","1","7","2","Nan","0","1","0","2","1","29","0","Nan","Nan","Nan","Nan","Nan","Nan","2517","168","485","14"
"2014","37","0","1","0","1","0","0","0","0","362","","2","0","377","0","0","11","1","0","0","3","2","1","7","1","Nan","2","0","0","5","0","44","0","Nan","Nan","Nan","Nan","Nan","Nan","2244","127","425","12"
"2014","38","0","0","1","2","0","0","0","0","396","1","1","0","502","0","0","7","2","0","0","0","0","1","2","1","Nan","0","1","0","2","0","37","0","Nan","Nan","Nan","Nan","Nan","Nan","2283","132","484","13"
"2014","39","0","1","2","1","1","0","0","0","344","1","0","1","488","0","0","14","0","0","0","1","1","0","9","1","Nan","1","0","0","7","0","41","0","Nan","Nan","Nan","Nan","Nan","Nan","2099","121","452","15"
"2014","40","0","0","0","0","2","0","0","0","339","","2","1","512","0","0","7","0","0","0","4","0","0","4","1","Nan","1","0","2","2","0","39","0","Nan","Nan","Nan","Nan","Nan","Nan","1839","99","437","10"
"2014","41","1","0","1","1","1","0","0","0","278","","2","0","382","0","0","11","0","0","0","1","1","0","3","4","Nan","0","0","0","2","0","29","0","Nan","Nan","Nan","Nan","Nan","Nan","2043","108","514","11"
"2014","42","0","0","1","1","0","0","0","0","297","","1","1","385","0","0","12","0","0","0","2","1","3","12","3","Nan","2","0","0","3","0","42","0","Nan","Nan","Nan","Nan","Nan","Nan","1947","89","465","8"
"2014","43","0","0","0","1","1","0","0","0","213","","1","1","364","0","0","6","0","0","0","1","1","0","8","2","Nan","0","0","2","3","0","35","0","Nan","Nan","Nan","Nan","Nan","Nan","2049","84","497","15"
"2014","44","0","0","0","2","3","0","0","0","186","","1","0","377","0","1","7","0","0","0","10","1","1","4","1","Nan","1","0","0","4","0","32","0","Nan","Nan","Nan","Nan","Nan","Nan","2006","85","436","12"
"2014","45","0","0","0","0","1","0","0","0","168","1","4","0","400","0","0","7","1","0","0","4","1","0","8","2","Nan","0","0","0","3","0","37","0","Nan","Nan","Nan","Nan","Nan","Nan","2082","81","422","13"
"2014","46","0","0","1","1","1","0","0","0","158","","1","0","359","0","0","8","0","0","0","3","0","2","4","0","Nan","0","0","0","2","0","42","0","Nan","Nan","Nan","Nan","Nan","Nan","2140","79","411","14"
"2014","47","0","1","1","1","1","0","0","0","149","","0","1","357","0","0","14","0","0","0","3","0","1","4","0","Nan","0","0","0","8","0","34","0","Nan","Nan","Nan","Nan","Nan","Nan","2226","79","405","11"
"2014","48","0","0","1","1","2","0","0","0","162","","0","1","356","0","0","5","1","0","0","0","0","0","8","0","Nan","2","1","0","1","0","24","0","Nan","Nan","Nan","Nan","Nan","Nan","2204","79","391","11"
"2014","49","0","0","0","0","5","0","0","0","212","","1","1","302","0","0","8","0","0","0","0","1","1","8","0","Nan","0","0","0","0","0","29","0","Nan","Nan","Nan","Nan","Nan","Nan","2235","79","420","11"
"2014","50","0","0","2","0","1","0","0","0","177","","1","1","371","0","1","5","0","0","0","2","1","0","9","0","Nan","0","1","2","5","0","22","0","Nan","Nan","Nan","Nan","Nan","Nan","2315","77","418","12"
"2014","51","0","0","0","1","0","0","0","0","198","","0","0","439","0","0","10","0","0","0","2","0","1","3","2","Nan","1","1","0","4","0","27","0","Nan","Nan","Nan","Nan","Nan","Nan","2177","79","410","12"
"2014","52","0","0","0","2","1","0","0","0","188","","1","0","398","0","1","7","0","0","0","0","0","1","5","0","Nan","1","0","0","5","0","27","0","Nan","Nan","Nan","Nan","Nan","Nan","2407","90","410","14"
"2014","53","0","0","2","1","2","0","0","0","158","","1","0","375","0","1","6","0","0","0","1","0","0","8","2","Nan","1","0","0","3","0","29","0","Nan","Nan","Nan","Nan","Nan","Nan","2732","90","476","19"
"2015","1","0","2","1","0","0","0","0","0","256","1","1","2","422","0","0","8","1","0","0","2","1","0","12","1","Nan","2","0","2","3","0","44","0","Nan","Nan","Nan","Nan","Nan","Nan","2822","107","509","13"
"2015","2","0","1","2","1","0","0","0","0","228","0","0","1","554","0","0","10","0","0","0","0","2","1","9","0","Nan","1","1","2","3","0","40","0","Nan","Nan","Nan","Nan","Nan","Nan","2921","104","514","16"
"2015","3","0","0","2","5","1","0","0","0","237","0","0","0","492","0","0","9","0","0","0","0","0","0","9","0","Nan","1","0","1","2","0","30","0","Nan","Nan","Nan","Nan","Nan","Nan","3035","99","508","17"
"2015","4","0","0","4","0","2","0","0","0","259","0","0","1","502","0","0","10","0","0","0","0","2","1","10","0","Nan","0","0","2","2","0","21","0","Nan","Nan","Nan","Nan","Nan","Nan","2918","107","442","14"
"2015","5","0","0","1","1","1","0","0","0","212","0","0","2","492","0","2","12","0","0","0","0","0","0","4","0","Nan","1","0","2","3","0","22","0","Nan","Nan","Nan","Nan","Nan","Nan","2931","90","474","19"
"2015","6","0","0","1","3","1","0","0","0","173","0","1","0","690","0","0","11","1","0","0","2","0","1","5","2","Nan","0","0","1","2","0","31","0","Nan","Nan","Nan","Nan","Nan","Nan","2997","91","465","14"
"2015","7","0","0","1","1","1","0","0","0","99","1","0","1","417","0","1","9","1","0","0","0","0","0","11","0","Nan","1","0","1","3","0","24","0","Nan","Nan","Nan","Nan","Nan","Nan","2959","96","414","23"
"2015","8","0","1","0","2","0","0","0","0","172","0","0","0","573","0","2","11","0","0","0","2","2","1","17","0","Nan","2","0","1","5","0","30","0","Nan","Nan","Nan","Nan","Nan","Nan","2821","94","517","20"
"2015","9","0","1","0","0","0","0","0","0","189","1","0","0","645","0","0","2","0","0","0","2","0","0","8","0","Nan","1","0","0","1","0","31","0","Nan","Nan","Nan","Nan","Nan","Nan","2590","96","494","14"
"2015","10","0","1","1","0","1","0","0","0","110","0","1","0","609","0","0","6","0","0","0","3","0","1","5","0","Nan","0","0","1","2","0","27","0","Nan","Nan","Nan","Nan","Nan","Nan","2513","86","481","19"
"2015","11","0","4","2","0","0","0","0","0","91","0","1","1","556","0","0","8","1","0","0","1","0","1","7","1","Nan","0","0","1","1","0","27","0","Nan","Nan","Nan","Nan","Nan","Nan","2288","82","405","18"
"2015","12","0","1","1","0","3","0","0","0","129","1","0","0","558","0","0","5","0","0","0","3","0","0","4","0","Nan","1","0","2","0","0","42","0","Nan","Nan","Nan","Nan","Nan","Nan","2401","83","448","15"
"2015","13","0","1","0","1","0","0","0","0","90","1","0","1","463","0","0","15","0","0","0","1","0","1","13","0","Nan","2","0","0","1","0","31","0","Nan","Nan","Nan","Nan","Nan","Nan","2341","75","416","14"
"2015","14","0","0","0","0","0","0","0","0","107","0","5","0","537","0","3","12","1","0","0","0","1","0","1","0","Nan","1","0","1","4","0","37","0","Nan","Nan","Nan","Nan","Nan","Nan","2366","84","463","14"
"2015","15","0","1","0","0","2","0","0","0","137","0","0","1","633","0","4","11","0","0","0","0","1","1","9","0","Nan","0","0","1","2","0","34","0","Nan","Nan","Nan","Nan","Nan","Nan","2469","92","497","15"
"2015","16","0","2","1","1","2","0","0","0","113","0","1","2","693","0","2","13","0","0","0","2","1","1","14","0","Nan","1","0","1","0","0","40","0","Nan","Nan","Nan","Nan","Nan","Nan","2534","85","480","13"
"2015","17","0","0","1","0","1","0","0","0","120","0","1","0","721","0","1","6","1","0","0","3","0","0","8","1","Nan","0","0","2","2","0","29","0","Nan","Nan","Nan","Nan","Nan","Nan","2645","78","468","15"
"2015","18","0","0","2","0","2","0","0","0","135","0","1","1","778","0","0","12","0","0","0","1","1","0","5","0","Nan","1","0","0","4","0","31","0","Nan","Nan","Nan","Nan","Nan","Nan","2882","87","515","13"
"2015","19","0","0","2","0","1","0","0","0","157","1","1","0","782","0","1","12","1","0","0","2","0","1","8","0","Nan","0","0","2","2","0","24","0","Nan","Nan","Nan","Nan","Nan","Nan","2757","79","482","21"
"2015","20","0","0","1","2","0","0","0","0","109","0","0","0","855","0","1","9","0","0","0","2","0","0","9","0","Nan","0","0","0","6","0","36","0","Nan","Nan","Nan","Nan","Nan","Nan","2828","82","495","20"
"2015","21","0","0","1","1","2","0","0","0","178","2","1","2","1004","0","1","11","1","0","0","1","3","0","9","0","Nan","1","0","0","2","0","36","0","Nan","Nan","Nan","Nan","Nan","Nan","3001","94","492","16"
"2015","22","0","0","0","0","1","0","0","0","151","1","1","1","721","0","0","9","1","0","0","1","0","0","7","0","Nan","0","0","0","4","0","42","0","Nan","Nan","Nan","Nan","Nan","Nan","2844","80","422","13"
"2015","23","0","0","1","1","1","0","0","0","192","1","1","0","540","0","1","9","0","0","0","1","1","0","2","0","Nan","3","0","0","2","0","26","0","Nan","Nan","Nan","Nan","Nan","Nan","2637","79","422","12"
"2015","24","0","2","2","1","0","0","0","0","207","0","1","1","541","0","1","13","0","0","0","0","0","1","5","0","Nan","4","1","1","1","0","44","0","Nan","Nan","Nan","Nan","Nan","Nan","2631","65","399","10"
"2015","25","0","0","1","0","1","0","0","0","240","0","3","0","578","0","0","15","0","0","0","2","0","0","9","0","Nan","0","0","2","5","0","39","0","Nan","Nan","Nan","Nan","Nan","Nan","2651","69","442","12"
"2015","26","0","1","0","3","1","0","0","0","242","0","0","0","455","0","1","10","1","0","0","0","0","0","7","1","Nan","2","1","1","1","0","41","0","Nan","Nan","Nan","Nan","Nan","Nan","2319","81","493","11"
"2015","27","0","0","0","4","0","0","0","0","272","0","2","0","430","0","5","4","0","0","0","1","0","1","7","0","Nan","0","0","2","5","0","23","0","Nan","Nan","Nan","Nan","Nan","Nan","2357","83","530","13"
"2015","28","0","0","2","0","0","0","0","0","263","0","2","1","385","0","0","10","0","0","0","2","0","0","6","2","Nan","0","0","0","4","0","41","0","Nan","Nan","Nan","Nan","Nan","Nan","2318","68","554","12"
"2015","29","0","0","0","0","1","0","0","0","293","0","1","3","448","0","2","16","0","0","0","3","1","0","6","2","Nan","0","0","3","3","0","43","0","Nan","Nan","Nan","Nan","Nan","Nan","2455","70","555","11"
"2015","30","0","0","0","0","2","0","0","0","250","0","2","0","438","0","0","5","0","0","0","0","0","0","7","0","Nan","1","1","0","6","0","30","0","Nan","Nan","Nan","Nan","Nan","Nan","2392","76","510","9"
"2015","31","0","0","1","1","3","0","0","0","226","0","2","3","367","0","1","6","0","0","0","0","1","0","10","0","Nan","1","0","1","2","0","36","0","Nan","Nan","Nan","Nan","Nan","Nan","2475","74","516","13"
"2015","32","0","0","1","4","0","0","0","0","221","0","1","1","478","0","0","7","0","0","0","0","1","0","7","0","Nan","0","0","0","4","1","41","0","Nan","Nan","Nan","Nan","Nan","Nan","2880","76","576","13"
"2015","33","0","2","0","0","1","0","0","0","250","0","2","2","554","0","2","10","0","0","0","2","0","0","8","0","Nan","1","0","1","3","0","44","0","Nan","Nan","Nan","Nan","Nan","Nan","2810","78","517","15"
"2015","34","1","0","2","0","1","0","0","0","225","0","1","0","533","0","0","10","0","0","0","0","1","0","8","0","Nan","1","0","1","5","0","50","0","Nan","Nan","Nan","Nan","Nan","Nan","2625","80","477","17"
"2015","35","0","0","0","5","0","0","0","0","246","0","0","0","483","0","0","9","1","0","0","0","1","0","11","0","Nan","0","0","0","3","0","58","0","Nan","Nan","Nan","Nan","Nan","Nan","2423","75","439","12"
"2015","36","0","0","1","1","1","0","0","0","217","0","3","1","407","0","0","7","0","0","0","1","0","0","9","1","Nan","0","0","3","5","0","42","0","Nan","Nan","Nan","Nan","Nan","Nan","2280","84","396","15"
"2015","37","0","0","1","2","1","0","0","0","303","0","1","0","414","0","2","14","0","0","0","0","2","0","7","0","Nan","1","0","0","5","0","43","0","Nan","Nan","Nan","Nan","Nan","Nan","2821","95","413","14"
"2015","38","0","1","0","1","0","0","0","0","214","0","1","1","403","0","1","2","0","0","0","4","1","0","11","1","Nan","2","0","0","1","0","41","0","Nan","Nan","Nan","Nan","Nan","Nan","2738","97","430","16"
"2015","39","0","0","1","0","1","0","0","0","257","0","2","3","441","0","1","12","0","0","0","0","1","0","5","0","Nan","1","0","3","1","1","39","0","Nan","Nan","Nan","Nan","Nan","Nan","2929","101","395","14"
"2015","40","0","0","1","0","1","0","0","0","235","0","1","1","431","0","0","8","1","0","0","1","0","0","6","24","Nan","1","0","1","0","0","47","0","Nan","Nan","Nan","Nan","Nan","Nan","2619","84","433","14"
"2015","41","0","0","0","0","1","0","0","0","235","0","1","4","585","0","1","8","0","0","0","2","0","1","4","2","Nan","2","0","0","2","0","42","0","Nan","Nan","Nan","Nan","Nan","Nan","2529","75","443","13"
"2015","42","0","1","1","1","4","0","0","0","224","0","0","1","477","0","1","6","0","0","0","0","1","1","10","3","Nan","1","0","2","3","0","51","0","Nan","Nan","Nan","Nan","Nan","Nan","2612","81","452","12"
"2015","43","1","1","3","1","3","0","0","0","246","0","1","0","438","0","1","12","2","0","0","0","0","0","10","1","Nan","0","0","1","4","0","39","0","Nan","Nan","Nan","Nan","Nan","Nan","2588","88","432","13"
"2015","44","0","1","1","1","3","0","0","0","266","0","0","2","502","0","0","6","0","0","0","7","2","0","9","1","Nan","0","0","2","1","0","40","0","Nan","Nan","Nan","Nan","Nan","Nan","2533","75","453","14"
"2015","45","0","0","0","1","1","0","0","0","198","0","0","1","523","0","0","9","0","0","0","2","0","0","8","1","Nan","0","1","1","0","0","58","0","Nan","Nan","Nan","Nan","Nan","Nan","2721","71","519","17"
"2015","46","0","0","0","2","2","0","0","0","254","0","0","0","600","0","0","10","0","0","0","1","1","0","10","0","Nan","1","1","0","2","1","52","0","Nan","Nan","Nan","Nan","Nan","Nan","2673","70","460","11"
"2015","47","1","0","0","0","3","0","0","0","285","1","4","1","610","0","2","10","0","0","0","1","0","0","6","1","Nan","0","0","3","2","0","48","0","Nan","Nan","Nan","Nan","Nan","Nan","2488","65","455","13"
"2015","48","0","0","0","2","2","0","0","0","259","0","1","1","533","0","0","8","0","0","0","0","0","1","8","0","Nan","0","0","2","8","0","46","0","Nan","Nan","Nan","Nan","Nan","Nan","2455","68","447","7"
"2015","49","0","1","1","0","0","0","0","0","356","1","0","0","568","0","0","6","1","0","0","1","1","1","9","0","Nan","0","0","2","1","0","41","0","Nan","Nan","Nan","Nan","Nan","Nan","2319","76","438","9"
"2015","50","0","0","1","1","2","0","0","0","333","0","0","0","548","0","0","3","1","0","0","0","0","0","16","1","Nan","1","0","2","0","0","48","0","Nan","Nan","Nan","Nan","Nan","Nan","2304","77","429","10"
"2015","51","0","0","3","0","3","0","0","0","372","0","1","0","432","0","1","11","0","0","0","2","1","0","7","0","Nan","2","0","0","2","0","58","0","Nan","Nan","Nan","Nan","Nan","Nan","2414","89","436","15"
"2015","52","0","1","0","0","3","0","0","0","459","0","0","0","370","0","0","7","0","0","0","1","0","1","8","0","Nan","1","0","0","2","0","40","0","Nan","Nan","Nan","Nan","Nan","Nan","2494","97","468","15"
"2016","1","1","1","0","0","1","0","0","0","547","0","1","1","417","0","0","8","1","0","0","0","1","0","14","1","Nan","0","0","1","3","0","57","0","0","Nan","Nan","Nan","Nan","Nan","2604","94","492","15"
"2016","2","0","0","0","3","1","0","0","0","620","0","0","1","505","0","0","7","0","0","0","1","1","0","4","0","Nan","2","0","2","2","0","52","0","0","Nan","Nan","Nan","Nan","Nan","2775","86","513","15"
"2016","3","0","1","2","3","2","0","0","0","636","1","0","0","588","0","0","11","0","0","0","0","1","0","9","0","Nan","1","1","2","1","0","49","0","0","Nan","Nan","Nan","Nan","Nan","2946","83","521","16"
"2016","4","0","0","4","0","0","0","0","0","623","1","0","1","587","0","0","10","0","0","0","2","0","0","6","0","Nan","2","0","1","3","0","42","0","0","Nan","Nan","Nan","Nan","Nan","3111","62","529","14"
"2016","5","0","0","1","0","2","0","0","0","523","2","0","0","669","0","1","9","0","0","0","1","1","0","6","0","Nan","0","0","1","2","0","54","0","0","Nan","Nan","Nan","Nan","Nan","3125","75","519","11"
"2016","6","0","0","0","1","0","0","0","0","419","0","0","0","587","0","0","9","0","0","0","1","0","0","5","0","Nan","2","0","0","2","0","35","0","0","Nan","Nan","Nan","Nan","Nan","3740","92","624","17"
"2016","7","0","0","0","2","3","0","0","0","589","1","0","2","699","0","2","8","0","0","0","0","0","1","13","0","Nan","0","0","1","5","0","49","0","0","Nan","Nan","Nan","Nan","Nan","3174","87","538","17"
"2016","8","0","0","4","0","0","0","0","0","507","4","0","0","756","0","1","10","0","0","0","0","1","0","14","2","Nan","0","0","1","4","0","52","0","0","Nan","Nan","Nan","Nan","Nan","3148","82","508","13"
"2016","9","0","1","1","1","0","0","0","0","411","0","1","0","831","0","1","4","0","0","0","1","0","0","8","0","Nan","1","0","3","2","0","39","0","0","Nan","Nan","Nan","Nan","Nan","3001","86","456","15"
"2016","10","0","2","2","2","2","0","0","0","395","1","0","0","979","0","2","6","0","0","0","2","1","1","10","1","Nan","2","0","2","4","0","26","0","0","Nan","Nan","Nan","Nan","Nan","2702","81","490","15"
"2016","11","0","1","0","1","1","0","0","0","372","1","1","0","905","0","2","9","0","0","0","4","1","0","6","0","Nan","0","0","1","3","0","41","0","0","Nan","Nan","Nan","Nan","Nan","2382","73","419","14"
"2016","12","0","1","0","0","2","0","0","0","304","2","1","0","860","0","2","7","0","0","0","2","0","0","2","0","Nan","0","0","1","1","0","25","0","0","Nan","Nan","Nan","Nan","Nan","2596","91","472","18"
"2016","13","0","3","0","1","0","0","0","0","376","1","0","0","937","0","4","7","1","0","0","1","0","0","7","0","Nan","2","0","1","0","0","39","0","0","Nan","Nan","Nan","Nan","Nan","2530","78","449","14"
"2016","14","0","0","0","2","1","0","0","0","289","2","0","2","807","0","1","7","1","0","0","0","0","0","12","0","Nan","0","0","3","2","0","29","0","0","Nan","Nan","Nan","Nan","Nan","2417","71","465","14"
"2016","15","0","0","0","0","3","0","0","0","224","0","1","0","987","0","2","7","0","0","0","1","0","1","13","0","Nan","1","0","1","2","0","42","0","0","Nan","Nan","Nan","Nan","Nan","2383","73","475","12"
"2016","16","0","0","1","1","1","0","0","0","229","0","1","0","1051","0","6","5","0","0","0","1","0","0","13","1","Nan","0","0","0","2","0","48","0","0","Nan","Nan","Nan","Nan","Nan","2487","71","471","14"
"2016","17","0","0","2","1","3","0","0","0","242","0","0","0","1020","0","6","12","0","0","0","1","1","0","12","0","Nan","1","0","1","6","0","47","0","0","Nan","Nan","Nan","Nan","Nan","2520","74","494","14"
"2016","18","0","1","0","0","3","0","0","0","180","0","0","0","1077","0","3","12","0","0","0","1","2","1","8","1","Nan","0","0","2","6","0","38","0","0","Nan","Nan","Nan","Nan","Nan","2715","73","516","16"
"2016","19","0","1","1","0","3","0","0","0","216","0","0","0","1316","0","11","10","0","0","0","1","0","0","5","0","Nan","0","0","1","2","0","48","0","1","Nan","Nan","Nan","Nan","Nan","2648","73","504","15"
"2016","20","0","1","1","1","9","0","0","0","212","0","1","1","1314","0","6","9","0","0","0","0","0","0","19","1","Nan","3","0","2","1","0","42","0","0","Nan","Nan","Nan","Nan","Nan","2853","72","547","14"
"2016","21","0","0","2","0","2","0","0","0","198","0","0","0","1344","0","7","14","0","0","0","2","0","0","5","1","Nan","0","0","0","3","0","57","0","0","Nan","Nan","Nan","Nan","Nan","2775","70","492","15"
"2016","22","0","0","1","5","0","0","0","0","215","1","0","1","1234","0","5","17","0","0","0","2","0","0","12","0","Nan","1","0","1","3","0","45","0","0","Nan","Nan","Nan","Nan","Nan","2634","70","453","9"
"2016","23","0","1","1","1","4","0","0","0","157","1","0","0","1117","0","3","15","1","0","0","0","0","0","9","0","Nan","2","0","3","3","0","52","0","0","Nan","Nan","Nan","Nan","Nan","2521","71","418","10"
"2016","24","0","0","2","1","6","0","0","0","192","1","2","0","1066","0","4","12","1","0","0","1","1","0","5","3","Nan","2","1","9","3","0","28","0","0","Nan","Nan","Nan","Nan","Nan","2564","66","445","12"
"2016","25","0","0","0","0","4","0","0","0","215","0","0","1","1034","0","1","13","0","0","0","0","2","0","8","0","Nan","2","0","3","6","0","43","0","0","Nan","Nan","Nan","Nan","Nan","2819","77","445","11"
"2016","26","0","0","1","0","1","0","0","0","234","0","1","1","972","0","0","12","0","0","0","1","5","0","11","0","Nan","0","0","0","4","0","53","0","0","Nan","Nan","Nan","Nan","Nan","3021","83","521","15"
"2016","27","0","0","0","0","0","0","0","0","246","1","0","0","798","0","0","8","1","0","0","2","1","0","8","0","Nan","2","0","1","0","0","48","0","0","Nan","Nan","Nan","Nan","Nan","2989","84","634","19"
"2016","28","0","0","0","2","2","0","0","0","223","0","1","0","871","0","1","11","2","0","0","1","1","0","3","0","Nan","0","1","1","3","0","80","0","0","Nan","Nan","Nan","Nan","Nan","2940","78","593","13"
"2016","29","0","1","2","3","4","0","0","0","266","0","0","0","884","0","0","12","0","0","0","2","0","1","14","0","Nan","1","0","3","2","0","58","0","0","Nan","Nan","Nan","Nan","Nan","3427","72","587","11"
"2016","30","0","0","1","5","3","0","0","0","221","1","0","0","908","0","0","15","1","0","0","2","1","0","3","0","Nan","3","0","3","0","0","35","0","0","Nan","Nan","Nan","Nan","Nan","3566","74","571","14"
"2016","31","0","0","0","1","1","0","0","0","210","0","1","0","972","0","2","8","0","0","0","3","2","1","1","1","Nan","3","0","3","7","0","41","0","0","Nan","Nan","Nan","Nan","Nan","3499","83","551","12"
"2016","32","0","0","1","1","3","0","0","0","197","1","1","1","917","0","1","8","0","0","0","0","0","0","5","1","Nan","1","0","0","1","0","46","0","0","Nan","Nan","Nan","Nan","Nan","3233","81","592","17"
"2016","33","0","0","2","2","5","0","0","0","221","1","3","0","914","0","1","7","0","0","0","1","1","0","6","1","Nan","1","0","2","3","2","48","0","0","Nan","Nan","Nan","Nan","Nan","2834","77","550","13"
"2016","34","0","0","0","1","0","0","0","0","274","0","1","2","948","0","3","9","0","0","0","5","2","2","6","0","Nan","3","0","1","4","0","26","0","1","Nan","Nan","Nan","Nan","Nan","2687","78","521","14"
"2016","35","0","1","2","2","0","0","0","0","310","1","2","1","906","0","2","13","1","0","0","1","1","0","13","0","Nan","0","0","1","3","0","36","0","215","Nan","Nan","Nan","Nan","Nan","2573","82","501","15"
"2016","36","0","0","1","0","3","0","0","0","242","0","2","4","867","0","5","18","1","0","0","4","0","0","20","0","Nan","0","0","2","1","0","44","0","107","Nan","Nan","Nan","Nan","Nan","2371","75","453","10"
"2016","37","0","0","1","0","2","0","0","0","175","0","2","2","778","0","1","12","0","0","0","1","0","0","13","0","Nan","2","0","2","1","0","47","0","62","Nan","Nan","Nan","Nan","Nan","2566","88","617","14"
"2016","38","1","0","0","0","2","0","0","0","174","0","2","3","756","0","0","13","1","0","0","0","0","1","13","0","Nan","0","0","0","5","2","30","0","11","Nan","Nan","Nan","Nan","Nan","2449","83","554","11"
"2016","39","0","1","0","1","2","0","0","0","138","0","0","2","737","0","3","11","0","0","0","3","0","1","10","0","Nan","3","0","0","1","0","37","0","8","Nan","Nan","Nan","Nan","Nan","2384","84","525","17"
"2016","40","0","0","1","2","4","0","0","0","125","0","0","0","555","0","2","14","0","0","0","1","0","1","11","0","Nan","2","0","0","3","0","47","0","4","Nan","Nan","Nan","Nan","Nan","2378","73","559","14"
"2016","41","0","0","1","0","6","0","0","0","94","0","2","1","616","0","2","10","0","0","0","2","0","0","6","1","Nan","1","0","2","3","0","41","0","11","Nan","Nan","Nan","Nan","Nan","2423","78","582","20"
"2016","42","0","1","0","0","4","0","0","0","108","0","0","4","599","0","1","7","0","0","0","1","0","0","2","0","Nan","2","0","2","1","0","46","0","11","Nan","Nan","Nan","Nan","Nan","2408","76","565","19"
"2016","43","0","0","1","0","3","0","0","0","84","0","0","0","474","0","2","14","0","0","0","2","0","1","5","0","Nan","2","1","0","3","0","34","0","12","Nan","Nan","Nan","Nan","Nan","2398","79","558","15"
"2016","44","0","0","2","0","1","0","0","0","85","1","0","2","489","0","1","16","0","0","0","2","0","0","8","0","Nan","1","0","3","1","0","45","0","4","Nan","Nan","Nan","Nan","Nan","2462","82","568","13"
"2016","45","0","0","2","1","0","0","0","0","84","0","0","1","505","0","4","11","0","0","0","2","0","0","11","1","Nan","3","0","3","2","0","33","0","4","Nan","Nan","Nan","Nan","Nan","2598","78","554","16"
"2016","46","0","0","1","0","3","0","0","0","72","0","0","2","581","0","5","13","0","0","0","3","0","1","7","1","Nan","2","0","4","1","0","47","0","3","Nan","Nan","Nan","Nan","Nan","2651","84","519","11"
"2016","47","0","0","1","0","1","0","0","0","74","1","0","0","576","0","8","8","0","0","0","1","0","0","6","0","Nan","1","0","0","2","1","40","0","1","Nan","Nan","Nan","Nan","Nan","2620","87","512","14"
"2016","48","0","0","0","0","1","0","0","0","86","0","0","1","602","0","4","4","0","0","0","2","0","0","7","1","Nan","3","0","0","4","0","0","0","2","Nan","Nan","Nan","Nan","Nan","2589","100","489","14"
"2016","49","0","0","0","0","0","0","0","0","59","0","3","1","588","0","11","10","0","0","0","1","0","0","6","0","Nan","0","3","0","0","2","0","0","1","Nan","Nan","Nan","Nan","Nan","2377","102","479","11"
"2016","50","0","0","1","0","2","0","0","0","81","0","1","1","582","0","3","11","0","0","0","2","0","1","7","0","Nan","2","1","2","2","2","0","0","0","Nan","Nan","Nan","Nan","Nan","2410","101","427","13"
"2016","51","0","0","4","1","1","0","","0","72","0","0","0","560","0","2","15","0","0","0","0","0","0","9","0","Nan","1","1","0","2","3","1","0","0","Nan","Nan","Nan","Nan","Nan","2275","92","448","11"
"2016","52","0","0","1","2","2","0","0","0","64","0","0","0","512","0","3","12","1","0","0","0","0","0","5","0","Nan","2","0","0","1","3","0","0","1","Nan","Nan","Nan","Nan","Nan","2493","98","458","12"
"2017","1","0","3","3","2","3","0","0","0","70","0","0","0","501","0","3","6","0","0","0","2","0","0","7","1","2","2","0","1","1","1","48","0","0","0","0","0","0","0","2721","106","518","20"
"2017","2","0","1","4","0","1","0","0","0","90","1","0","0","588","0","4","15","0","0","0","1","0","0","7","0","0","2","0","3","2","0","43","0","0","0","0","0","0","0","2864","91","543","17"
"2017","3","0","0","3","2","2","0","0","0","73","1","1","0","599","0","3","12","0","0","0","0","0","0","4","0","0","0","0","0","3","0","38","0","1","0","0","0","0","0","3060","91","558","16"
"2017","4","0","0","2","1","0","0","0","0","63","0","0","0","492","0","1","7","1","0","0","1","0","0","11","0","1","1","0","0","1","0","33","0","0","0","0","0","0","0","3002","82","509","13"
"2017","5","0","1","6","1","2","0","0","0","62","0","0","0","572","0","0","12","0","0","0","2","0","0","12","1","1","1","1","2","5","2","44","0","0","0","0","0","0","0","3521","98","583","17"
"2017","6","0","0","0","5","0","0","0","0","77","0","1","0","669","0","1","15","0","0","0","1","0","0","4","0","2","2","0","7","4","0","33","0","2","0","1","0","0","0","3352","99","587","18"
"2017","7","0","0","4","0","0","0","0","0","51","2","0","0","692","0","4","9","1","0","0","1","0","0","3","1","2","2","1","0","2","0","25","0","1","0","0","0","0","0","3316","105","561","17"
"2017","8","0","1","0","0","0","0","0","0","54","0","0","0","762","0","3","9","1","0","0","2","0","0","10","1","0","0","0","0","6","0","46","0","0","0","0","0","0","1","2993","99","536","18"
"2017","9","0","0","1","2","2","0","0","0","41","0","0","1","855","0","1","12","0","0","0","2","0","1","6","0","1","0","0","2","4","0","45","0","1","0","0","0","0","0","3008","95","527","14"
"2017","10","0","0","0","0","1","0","0","0","32","0","1","0","943","0","2","11","0","0","0","1","0","1","8","0","1","0","0","2","2","0","32","0","0","0","0","0","0","0","3038","112","533","16"
"2017","11","0","0","1","2","0","0","0","0","34","1","1","0","797","0","1","14","0","0","0","0","0","0","8","0","1","3","0","2","2","0","31","0","0","0","0","0","0","0","2711","100","428","14"
"2017","12","0","0","0","2","3","0","0","0","32","0","0","2","790","0","2","8","0","0","0","0","0","1","7","0","0","1","0","0","3","0","63","0","1","0","0","0","0","1","2977","124","515","17"
"2017","13","0","0","0","3","2","0","0","0","49","1","0","0","663","0","4","12","0","0","0","0","0","2","7","0","0","1","1","0","5","0","45","0","2","0","0","0","0","0","2839","113","486","16"
"2017","14","0","0","2","2","1","0","0","0","37","0","1","1","695","0","3","13","0","0","0","0","0","0","9","0","1","0","1","2","0","1","33","0","5","0","0","0","0","0","3023","98","531","16"
"2017","15","0","0","1","2","1","0","0","0","32","0","1","0","654","0","2","7","0","0","0","0","0","0","4","0","1","0","1","1","2","0","42","0","5","0","0","0","0","0","3164","99","548","22"
"2017","16","0","0","1","4","0","0","0","0","51","0","2","0","762","0","2","12","0","0","0","0","0","0","8","1","2","2","0","0","2","0","31","0","5","0","0","0","0","0","3202","99","546","16"
"2017","17","0","0","1","4","2","0","0","0","37","0","0","0","752","0","0","7","1","0","0","0","0","0","11","0","1","0","0","0","0","0","32","0","7","0","0","0","0","0","3189","95","566","18"
"2017","18","0","1","1","2","0","0","0","0","42","0","2","0","755","0","0","13","1","0","0","0","0","1","6","0","0","1","0","1","1","0","43","0","3","0","0","0","0","0","3452","108","542","21"
"2017","19","0","1","0","1","0","0","0","0","48","0","0","0","732","0","0","8","1","0","0","1","0","1","9","0","1","2","0","0","4","0","38","0","1","0","0","0","0","0","3645","103","596","19"
"2017","20","0","0","0","2","2","0","0","0","48","2","0","1","793","0","2","7","0","0","0","1","0","1","10","0","1","1","0","0","3","0","40","0","1","0","0","0","0","0","3500","88","565","15"
"2017","21","0","1","0","1","0","0","0","0","50","0","2","0","789","0","2","10","1","0","0","0","0","0","9","0","2","0","0","0","6","0","44","0","4","0","0","0","0","0","3440","84","548","14"
"2017","22","1","0","2","3","1","0","0","0","66","0","0","0","713","0","0","8","0","0","0","0","0","1","7","0","3","2","0","1","10","1","65","0","3","0","0","0","0","0","3241","84","484","10"
"2017","23","0","0","0","1","1","0","0","0","62","0","0","2","607","0","2","9","0","0","0","0","0","0","9","1","2","1","0","3","3","0","36","0","1","0","0","0","0","0","2842","87","468","14"
"2017","24","0","0","2","1","0","0","0","0","79","1","0","1","520","0","3","8","0","0","0","1","0","0","4","0","1","0","0","0","3","0","49","0","1","0","0","0","0","0","2476","83","464","10"
"2017","25","0","1","1","0","2","0","0","0","73","0","1","2","554","0","1","10","0","0","0","0","0","1","5","0","0","0","0","0","2","0","33","0","2","0","0","0","0","0","2374","82","455","12"
"2017","26","0","0","1","2","1","0","0","0","75","0","1","2","436","0","2","12","1","0","0","1","0","1","13","1","0","4","0","1","2","0","28","0","1","0","0","0","0","0","2793","84","617","19"
"2017","27","0","1","1","0","2","0","0","0","63","0","3","1","572","0","1","9","0","0","0","1","0","1","16","0","2","1","0","1","4","0","41","0","0","0","0","0","0","0","2835","77","529","13"
"2017","28","0","1","1","1","3","0","0","0","53","0","0","1","661","0","0","6","0","0","0","2","0","0","8","1","0","0","0","2","4","0","31","0","1","0","0","0","0","0","3191","85","616","17"
"2017","29","0","1","1","2","0","0","0","0","51","0","0","0","692","0","1","9","0","0","0","1","0","0","9","2","1","1","0","1","2","0","30","0","0","0","0","0","0","0","3355","96","612","14"
"2017","30","0","1","0","2","4","0","0","0","66","1","1","0","803","0","0","15","0","0","0","0","0","0","15","0","1","0","0","1","8","0","45","0","6","0","0","0","0","0","3132","88","605","14"
"2017","31","0","0","0","2","4","0","0","0","60","0","1","1","872","1","0","7","0","0","0","0","0","0","13","0","0","0","0","1","2","0","40","0","6","0","0","0","0","0","2867","87","576","16"
"2017","32","0","0","3","2","0","0","0","0","56","0","1","1","695","0","2","15","1","0","0","2","0","0","9","0","3","1","0","2","2","0","46","0","2","0","0","0","0","2","2783","87","597","15"
"2017","33","0","0","0","2","7","0","0","0","52","1","1","2","711","0","0","5","2","0","0","1","0","0","15","0","2","0","0","0","6","0","27","0","2","0","0","0","0","0","2893","80","599","12"
"2017","34","0","0","2","1","1","0","0","0","51","1","1","1","840","0","0","13","3","0","0","1","0","0","7","1","1","2","0","3","4","0","37","0","0","0","0","0","0","0","2771","78","568","15"
"2017","35","0","0","1","0","3","0","0","0","33","0","3","0","761","0","1","12","0","0","0","1","0","0","13","0","0","2","0","5","4","0","39","0","1","0","0","0","0","0","2502","81","481","17"
"2017","36","0","0","1","2","3","0","0","0","40","0","1","1","659","1","1","14","1","0","0","0","0","1","13","2","2","1","1","0","4","0","46","0","0","0","0","0","0","0","2378","75","461","13"
"2017","37","0","1","0","1","2","0","0","0","53","0","1","0","717","0","1","5","0","0","0","1","0","1","11","0","0","1","0","5","2","0","41","0","0","0","0","0","0","0","2489","80","529","13"
"2017","38","0","1","1","3","4","0","0","0","58","1","1","0","708","0","2","12","0","0","0","1","0","0","12","0","1","0","0","2","1","0","39","0","0","0","0","0","0","0","2665","84","510","10"
"2017","39","0","0","0","0","0","0","0","0","39","0","0","0","672","0","1","14","0","0","0","2","0","1","17","0","1","1","0","1","4","0","27","0","1","0","0","0","0","0","2686","80","483","10"
"2017","40","0","0","1","0","1","0","0","0","51","1","1","1","622","0","0","12","0","0","0","0","0","0","10","1","1","2","0","1","1","0","33","0","0","0","0","0","0","0","2881","71","504","11"
"2017","41","0","0","3","2","0","0","0","0","55","0","0","1","721","0","0","13","0","0","0","2","0","1","4","1","0","3","1","2","1","0","34","0","0","0","0","0","0","0","3016","80","518","12"
"2017","42","1","0","1","5","1","0","0","0","62","1","1","1","635","0","1","9","0","0","0","2","0","0","5","1","0","0","1","2","3","0","38","0","0","0","0","0","0","0","3125","88","575","14"
"2017","43","1","0","2","1","2","0","0","0","77","0","1","0","549","0","1","11","0","0","0","0","0","0","13","1","2","1","0","2","1","0","37","0","0","0","0","0","0","0","2869","74","532","11"
"2017","44","0","0","2","1","3","0","0","0","62","0","1","1","553","0","1","8","0","0","0","0","0","0","21","0","1","0","1","2","4","0","50","0","0","0","0","0","0","0","2882","80","507","11"
"2017","45","0","0","1","1","0","0","0","0","44","0","1","0","474","0","0","11","1","0","0","0","0","0","10","0","1","3","0","3","2","1","35","0","0","0","0","0","1","0","2862","77","519","13"
"2017","46","0","0","0","1","1","0","0","0","50","0","1","1","550","0","1","6","0","0","0","0","0","1","9","0","1","2","0","2","1","0","33","0","1","0","0","0","0","0","2939","80","544","14"
"2017","47","0","0","1","0","2","0","0","0","24","0","1","0","482","0","0","8","0","0","0","0","0","0","15","1","0","1","1","1","5","0","27","0","0","0","0","0","0","0","2910","76","504","14"
"2017","48","0","0","3","3","1","0","0","0","37","1","2","3","463","0","0","9","0","0","0","4","0","0","11","1","3","0","1","4","2","0","38","0","0","0","0","0","0","0","2836","83","502","14"
"2017","49","0","0","1","2","5","0","0","0","33","1","2","1","416","0","0","11","0","0","0","0","0","1","12","0","2","0","0","1","6","0","36","0","0","0","0","0","0","0","2711","82","500","10"
"2017","50","0","0","1","1","0","0","0","0","40","0","0","0","460","0","1","6","0","0","0","0","0","0","11","2","0","2","0","3","2","0","44","0","0","0","0","0","0","0","2677","82","483","13"
"2017","51","0","0","1","1","0","0","0","0","51","0","0","0","412","0","0","11","1","0","0","0","0","0","13","0","2","0","1","2","2","1","36","0","0","0","0","0","0","3","2729","93","466","10"
"2017","52","0","0","1","0","0","0","0","0","66","0","0","0","325","0","6","7","0","0","0","0","0","1","5","1","1","0","0","2","3","0","42","0","0","0","0","0","0","0","2836","88","485","15"
"2018","1","0","1","1","1","0","0","0","0","83","0","2","0","326","0","1","6","0","0","0","1","0","0","12","0","1","1","0","2","1","0","30","0","0","0","0","0","0","0","3158","103","580","24"
"2018","2","0","1","1","1","0","0","0","0","68","0","1","0","478","0","1","13","0","0","0","2","0","0","11","0","0","1","1","3","3","0","37","0","0","0","0","0","0","0","3632","93","604","17"
"2018","3","0","0","0","2","0","0","0","0","54","0","0","0","542","0","2","11","0","0","0","1","0","0","7","0","1","1","0","2","5","0","29","0","1","0","0","0","0","0","4234","96","583","20"
"2018","4","0","1","3","0","2","0","0","0","45","0","0","0","645","0","0","12","0","0","0","1","0","2","9","0","1","0","0","2","0","0","23","0","0","0","0","1","0","0","4048","91","607","19"
"2018","5","1","0","0","1","0","0","0","0","48","0","0","0","757","0","1","17","0","0","0","1","0","0","9","0","0","1","0","0","2","0","26","0","0","0","0","0","1","0","3960","109","583","17"
"2018","6","0","1","1","1","0","0","0","0","50","0","0","0","699","0","0","11","0","0","0","0","0","0","4","1","0","1","0","4","2","0","22","0","0","0","0","0","0","0","3983","114","560","18"
"2018","7","0","0","0","2","1","0","0","0","28","0","0","0","546","0","2","2","0","0","0","0","0","0","4","0","1","0","0","2","3","0","14","0","0","0","0","0","0","0","3911","109","543","16"
"2018","8","0","0","2","2","1","0","0","0","38","1","1","0","668","0","0","8","0","0","0","0","0","0","8","2","1","1","0","1","4","0","14","0","0","0","0","0","0","0","3513","117","585","18"
"2018","9","0","1","1","0","2","0","0","0","51","0","0","1","780","0","1","10","0","0","0","1","0","0","4","0","0","0","1","4","3","0","32","0","0","0","0","0","0","0","3174","101","572","23"
"2018","10","0","0","0","1","0","0","0","0","37","0","0","0","1105","0","2","5","0","0","0","0","0","0","4","0","0","0","0","0","4","0","32","0","0","0","0","0","0","0","3012","103","549","21"
"","","","","","","","","","","","","","","","","","","","","","","","","","","","","","","","","","","","","","","","","","","",""
"","","","","","","","","","","","","","","","","","","","","","","","","","","","","","","","","","","","","","","","","","","",""
"","","","","","","","","","","","","","","","","","","","","","","","","","","","","","","","","","","","","","","","","","","",""
"","","","","","","","","","","","","","","","","","","","","","","","","","","","","","","","","","","","","","","","","","","",""